date,cases0_1,cases1_5,cases5_15,cases15_65,cases65,casesSum,pop0_1,pop1_4,pop5_14,pop15_64,pop65,popSum
1915-01-03,6,25,46,422,35,534,9396.6,36502.2,86777.2,334181.2,27778.6,494635.8
1915-01-10,7,21,53,405,44,530,9396.6,36502.2,86777.2,334181.2,27778.6,494635.8
1915-01-17,3,36,110,406,39,594,9396.6,36502.2,86777.2,334181.2,27778.6,494635.8
1915-01-24,3,26,76,390,32,527,9396.6,36502.2,86777.2,334181.2,27778.6,494635.8
1915-01-31,3,20,101,519,37,680,9396.6,36502.2,86777.2,334181.2,27778.6,494635.8
1915-02-07,3,22,118,556,25,724,9396.6,36502.2,86777.2,334181.2,27778.6,494635.8
1915-02-14,2,30,69,486,34,621,9396.6,36502.2,86777.2,334181.2,27778.6,494635.8
1915-02-21,5,21,59,364,27,476,9396.6,36502.2,86777.2,334181.2,27778.6,494635.8
1915-02-28,2,26,31,291,12,362,9396.6,36502.2,86777.2,334181.2,27778.6,494635.8
1915-03-07,2,11,24,236,17,290,9396.6,36502.2,86777.2,334181.2,27778.6,494635.8
1915-03-14,2,10,21,188,16,237,9396.6,36502.2,86777.2,334181.2,27778.6,494635.8
1915-03-21,1,3,15,136,5,160,9396.6,36502.2,86777.2,334181.2,27778.6,494635.8
1915-03-28,0,3,8,72,4,87,9396.6,36502.2,86777.2,334181.2,27778.6,494635.8
1915-04-04,0,4,5,89,7,105,9396.6,36502.2,86777.2,334181.2,27778.6,494635.8
1915-04-11,0,6,8,86,0,100,9396.6,36502.2,86777.2,334181.2,27778.6,494635.8
1915-04-18,3,2,3,53,2,63,9396.6,36502.2,86777.2,334181.2,27778.6,494635.8
1915-04-25,0,4,8,52,2,66,9396.6,36502.2,86777.2,334181.2,27778.6,494635.8
1915-05-02,0,8,4,45,1,58,9396.6,36502.2,86777.2,334181.2,27778.6,494635.8
1915-05-09,1,6,6,27,2,42,9396.6,36502.2,86777.2,334181.2,27778.6,494635.8
1915-05-16,0,0,5,33,0,38,9396.6,36502.2,86777.2,334181.2,27778.6,494635.8
1915-05-23,0,5,5,29,3,42,9396.6,36502.2,86777.2,334181.2,27778.6,494635.8
1915-05-30,0,5,5,16,0,26,9396.6,36502.2,86777.2,334181.2,27778.6,494635.8
1915-06-06,0,1,6,21,1,29,9396.6,36502.2,86777.2,334181.2,27778.6,494635.8
1915-06-13,0,2,5,21,2,30,9396.6,36502.2,86777.2,334181.2,27778.6,494635.8
1915-06-20,0,3,4,15,3,25,9396.6,36502.2,86777.2,334181.2,27778.6,494635.8
1915-06-27,0,1,1,20,1,23,9396.6,36502.2,86777.2,334181.2,27778.6,494635.8
1915-07-04,0,1,2,7,1,11,9396.6,36502.2,86777.2,334181.2,27778.6,494635.8
1915-07-11,0,0,0,17,1,18,9396.6,36502.2,86777.2,334181.2,27778.6,494635.8
1915-07-18,0,0,1,13,0,14,9396.6,36502.2,86777.2,334181.2,27778.6,494635.8
1915-07-25,0,1,0,14,1,16,9396.6,36502.2,86777.2,334181.2,27778.6,494635.8
1915-08-01,0,0,1,3,0,4,9396.6,36502.2,86777.2,334181.2,27778.6,494635.8
1915-08-08,0,0,0,7,0,7,9396.6,36502.2,86777.2,334181.2,27778.6,494635.8
1915-08-15,0,1,2,6,0,9,9396.6,36502.2,86777.2,334181.2,27778.6,494635.8
1915-08-22,0,0,0,6,0,6,9396.6,36502.2,86777.2,334181.2,27778.6,494635.8
1915-08-29,0,0,0,9,0,9,9396.6,36502.2,86777.2,334181.2,27778.6,494635.8
1915-09-05,0,1,2,5,0,8,9396.6,36502.2,86777.2,334181.2,27778.6,494635.8
1915-09-12,0,0,1,12,1,14,9396.6,36502.2,86777.2,334181.2,27778.6,494635.8
1915-09-19,0,0,1,15,0,16,9396.6,36502.2,86777.2,334181.2,27778.6,494635.8
1915-09-26,0,0,1,13,0,14,9396.6,36502.2,86777.2,334181.2,27778.6,494635.8
1915-10-03,0,0,4,14,2,20,9396.6,36502.2,86777.2,334181.2,27778.6,494635.8
1915-10-10,0,3,8,37,8,56,9396.6,36502.2,86777.2,334181.2,27778.6,494635.8
1915-10-17,0,4,1,48,4,57,9396.6,36502.2,86777.2,334181.2,27778.6,494635.8
1915-10-24,2,9,7,43,4,65,9396.6,36502.2,86777.2,334181.2,27778.6,494635.8
1915-10-31,0,8,5,49,9,71,9396.6,36502.2,86777.2,334181.2,27778.6,494635.8
1915-11-07,0,5,11,62,9,87,9396.6,36502.2,86777.2,334181.2,27778.6,494635.8
1915-11-14,2,5,9,34,3,53,9396.6,36502.2,86777.2,334181.2,27778.6,494635.8
1915-11-21,0,2,8,63,3,76,9396.6,36502.2,86777.2,334181.2,27778.6,494635.8
1915-11-28,0,4,12,50,2,68,9396.6,36502.2,86777.2,334181.2,27778.6,494635.8
1915-12-05,0,4,5,58,5,72,9396.6,36502.2,86777.2,334181.2,27778.6,494635.8
1915-12-12,2,2,4,52,2,62,9396.6,36502.2,86777.2,334181.2,27778.6,494635.8
1915-12-19,1,3,3,33,3,43,9396.6,36502.2,86777.2,334181.2,27778.6,494635.8
1915-12-26,1,8,2,69,6,86,9396.6,36502.2,86777.2,334181.2,27778.6,494635.8
1916-01-02,1,2,6,91,7,107,9312.0,36443.0,87990.0,341256.0,28477.0,503478.0
1916-01-09,1,3,5,52,3,64,9312.0,36443.0,87990.0,341256.0,28477.0,503478.0
1916-01-16,0,1,13,67,5,86,9312.0,36443.0,87990.0,341256.0,28477.0,503478.0
1916-01-23,0,4,9,77,2,92,9312.0,36443.0,87990.0,341256.0,28477.0,503478.0
1916-01-30,0,1,8,92,4,105,9312.0,36443.0,87990.0,341256.0,28477.0,503478.0
1916-02-06,0,8,13,93,12,126,9312.0,36443.0,87990.0,341256.0,28477.0,503478.0
1916-02-13,0,7,19,178,6,210,9312.0,36443.0,87990.0,341256.0,28477.0,503478.0
1916-02-20,4,13,20,273,13,323,9312.0,36443.0,87990.0,341256.0,28477.0,503478.0
1916-02-27,1,19,60,388,24,492,9312.0,36443.0,87990.0,341256.0,28477.0,503478.0
1916-03-05,1,29,92,532,29,683,9312.0,36443.0,87990.0,341256.0,28477.0,503478.0
1916-03-12,3,40,124,797,35,999,9312.0,36443.0,87990.0,341256.0,28477.0,503478.0
1916-03-19,5,50,126,792,75,1048,9312.0,36443.0,87990.0,341256.0,28477.0,503478.0
1916-03-26,5,61,133,738,66,1003,9312.0,36443.0,87990.0,341256.0,28477.0,503478.0
1916-04-02,9,63,85,530,37,724,9312.0,36443.0,87990.0,341256.0,28477.0,503478.0
1916-04-09,17,66,72,394,30,579,9312.0,36443.0,87990.0,341256.0,28477.0,503478.0
1916-04-16,4,20,30,168,16,238,9312.0,36443.0,87990.0,341256.0,28477.0,503478.0
1916-04-23,3,18,26,180,20,247,9312.0,36443.0,87990.0,341256.0,28477.0,503478.0
1916-04-30,0,9,14,164,13,200,9312.0,36443.0,87990.0,341256.0,28477.0,503478.0
1916-05-07,0,6,16,107,13,142,9312.0,36443.0,87990.0,341256.0,28477.0,503478.0
1916-05-14,2,3,11,81,9,106,9312.0,36443.0,87990.0,341256.0,28477.0,503478.0
1916-05-21,1,4,13,84,7,109,9312.0,36443.0,87990.0,341256.0,28477.0,503478.0
1916-05-28,0,2,6,66,10,84,9312.0,36443.0,87990.0,341256.0,28477.0,503478.0
1916-06-04,1,3,9,47,3,63,9312.0,36443.0,87990.0,341256.0,28477.0,503478.0
1916-06-11,0,1,5,38,7,51,9312.0,36443.0,87990.0,341256.0,28477.0,503478.0
1916-06-18,0,0,4,47,3,54,9312.0,36443.0,87990.0,341256.0,28477.0,503478.0
1916-06-25,0,3,3,39,1,46,9312.0,36443.0,87990.0,341256.0,28477.0,503478.0
1916-07-02,0,0,3,25,0,28,9312.0,36443.0,87990.0,341256.0,28477.0,503478.0
1916-07-09,0,1,0,14,2,17,9312.0,36443.0,87990.0,341256.0,28477.0,503478.0
1916-07-16,0,0,0,13,0,13,9312.0,36443.0,87990.0,341256.0,28477.0,503478.0
1916-07-23,0,0,0,5,1,6,9312.0,36443.0,87990.0,341256.0,28477.0,503478.0
1916-07-30,0,0,0,9,0,9,9312.0,36443.0,87990.0,341256.0,28477.0,503478.0
1916-08-06,0,2,0,7,2,11,9312.0,36443.0,87990.0,341256.0,28477.0,503478.0
1916-08-13,0,0,1,9,1,11,9312.0,36443.0,87990.0,341256.0,28477.0,503478.0
1916-08-20,0,0,2,7,2,11,9312.0,36443.0,87990.0,341256.0,28477.0,503478.0
1916-08-27,0,0,0,15,1,16,9312.0,36443.0,87990.0,341256.0,28477.0,503478.0
1916-09-03,0,1,0,8,1,10,9312.0,36443.0,87990.0,341256.0,28477.0,503478.0
1916-09-10,0,2,2,16,0,20,9312.0,36443.0,87990.0,341256.0,28477.0,503478.0
1916-09-17,0,0,2,10,0,12,9312.0,36443.0,87990.0,341256.0,28477.0,503478.0
1916-09-24,0,2,1,18,0,21,9312.0,36443.0,87990.0,341256.0,28477.0,503478.0
1916-10-01,1,3,4,24,1,33,9312.0,36443.0,87990.0,341256.0,28477.0,503478.0
1916-10-08,0,1,1,25,3,30,9312.0,36443.0,87990.0,341256.0,28477.0,503478.0
1916-10-15,0,2,5,22,1,30,9312.0,36443.0,87990.0,341256.0,28477.0,503478.0
1916-10-22,0,0,5,42,3,50,9312.0,36443.0,87990.0,341256.0,28477.0,503478.0
1916-10-29,0,0,7,54,8,69,9312.0,36443.0,87990.0,341256.0,28477.0,503478.0
1916-11-05,0,6,8,39,1,54,9312.0,36443.0,87990.0,341256.0,28477.0,503478.0
1916-11-12,1,5,10,65,7,88,9312.0,36443.0,87990.0,341256.0,28477.0,503478.0
1916-11-19,3,6,12,63,6,90,9312.0,36443.0,87990.0,341256.0,28477.0,503478.0
1916-11-26,1,2,11,44,9,67,9312.0,36443.0,87990.0,341256.0,28477.0,503478.0
1916-12-03,0,10,19,143,4,176,9312.0,36443.0,87990.0,341256.0,28477.0,503478.0
1916-12-10,0,5,26,156,5,192,9312.0,36443.0,87990.0,341256.0,28477.0,503478.0
1916-12-17,1,5,22,90,6,124,9312.0,36443.0,87990.0,341256.0,28477.0,503478.0
1916-12-24,1,7,21,209,17,255,9312.0,36443.0,87990.0,341256.0,28477.0,503478.0
1916-12-31,1,16,18,304,23,362,9312.0,36443.0,87990.0,341256.0,28477.0,503478.0
1917-01-07,0,20,50,428,24,522,9663.2,36501.4,88498.2,350676.2,29396.8,514735.8
1917-01-14,1,21,62,488,45,617,9663.2,36501.4,88498.2,350676.2,29396.8,514735.8
1917-01-21,9,20,80,486,30,625,9663.2,36501.4,88498.2,350676.2,29396.8,514735.8
1917-01-28,3,11,42,443,50,549,9663.2,36501.4,88498.2,350676.2,29396.8,514735.8
1917-02-04,6,19,43,407,29,504,9663.2,36501.4,88498.2,350676.2,29396.8,514735.8
1917-02-11,1,23,29,305,36,394,9663.2,36501.4,88498.2,350676.2,29396.8,514735.8
1917-02-18,1,8,44,333,13,399,9663.2,36501.4,88498.2,350676.2,29396.8,514735.8
1917-02-25,2,24,45,256,12,339,9663.2,36501.4,88498.2,350676.2,29396.8,514735.8
1917-03-04,2,11,24,197,13,247,9663.2,36501.4,88498.2,350676.2,29396.8,514735.8
1917-03-11,2,10,23,192,11,238,9663.2,36501.4,88498.2,350676.2,29396.8,514735.8
1917-03-18,2,19,17,185,6,229,9663.2,36501.4,88498.2,350676.2,29396.8,514735.8
1917-03-25,5,16,14,173,13,221,9663.2,36501.4,88498.2,350676.2,29396.8,514735.8
1917-04-01,3,10,11,88,13,125,9663.2,36501.4,88498.2,350676.2,29396.8,514735.8
1917-04-08,2,17,18,127,7,171,9663.2,36501.4,88498.2,350676.2,29396.8,514735.8
1917-04-15,2,9,26,137,8,182,9663.2,36501.4,88498.2,350676.2,29396.8,514735.8
1917-04-22,2,6,24,97,16,145,9663.2,36501.4,88498.2,350676.2,29396.8,514735.8
1917-04-29,1,12,18,66,5,102,9663.2,36501.4,88498.2,350676.2,29396.8,514735.8
1917-05-06,1,5,7,60,4,77,9663.2,36501.4,88498.2,350676.2,29396.8,514735.8
1917-05-13,0,5,5,37,1,48,9663.2,36501.4,88498.2,350676.2,29396.8,514735.8
1917-05-20,0,2,2,36,5,45,9663.2,36501.4,88498.2,350676.2,29396.8,514735.8
1917-05-27,0,1,5,17,4,27,9663.2,36501.4,88498.2,350676.2,29396.8,514735.8
1917-06-03,0,1,1,13,0,15,9663.2,36501.4,88498.2,350676.2,29396.8,514735.8
1917-06-10,0,0,4,21,0,25,9663.2,36501.4,88498.2,350676.2,29396.8,514735.8
1917-06-17,0,0,2,8,0,10,9663.2,36501.4,88498.2,350676.2,29396.8,514735.8
1917-06-24,0,2,2,5,0,9,9663.2,36501.4,88498.2,350676.2,29396.8,514735.8
1917-07-01,0,0,2,7,1,10,9663.2,36501.4,88498.2,350676.2,29396.8,514735.8
1917-07-08,1,0,2,8,1,12,9663.2,36501.4,88498.2,350676.2,29396.8,514735.8
1917-07-15,0,1,1,8,0,10,9663.2,36501.4,88498.2,350676.2,29396.8,514735.8
1917-07-22,0,0,0,8,0,8,9663.2,36501.4,88498.2,350676.2,29396.8,514735.8
1917-07-29,0,2,0,14,0,16,9663.2,36501.4,88498.2,350676.2,29396.8,514735.8
1917-08-05,0,1,1,4,0,6,9663.2,36501.4,88498.2,350676.2,29396.8,514735.8
1917-08-12,0,0,1,8,0,9,9663.2,36501.4,88498.2,350676.2,29396.8,514735.8
1917-08-19,0,1,2,9,0,12,9663.2,36501.4,88498.2,350676.2,29396.8,514735.8
1917-08-26,0,0,1,14,1,16,9663.2,36501.4,88498.2,350676.2,29396.8,514735.8
1917-09-02,0,1,3,9,1,14,9663.2,36501.4,88498.2,350676.2,29396.8,514735.8
1917-09-09,0,1,8,23,2,34,9663.2,36501.4,88498.2,350676.2,29396.8,514735.8
1917-09-16,0,3,4,19,1,27,9663.2,36501.4,88498.2,350676.2,29396.8,514735.8
1917-09-23,0,1,5,17,3,26,9663.2,36501.4,88498.2,350676.2,29396.8,514735.8
1917-09-30,0,1,2,18,0,21,9663.2,36501.4,88498.2,350676.2,29396.8,514735.8
1917-10-07,0,1,2,16,0,19,9663.2,36501.4,88498.2,350676.2,29396.8,514735.8
1917-10-14,0,0,6,18,2,26,9663.2,36501.4,88498.2,350676.2,29396.8,514735.8
1917-10-21,0,2,7,26,3,38,9663.2,36501.4,88498.2,350676.2,29396.8,514735.8
1917-10-28,0,1,9,18,3,31,9663.2,36501.4,88498.2,350676.2,29396.8,514735.8
1917-11-04,0,3,6,23,3,35,9663.2,36501.4,88498.2,350676.2,29396.8,514735.8
1917-11-11,1,2,7,31,3,44,9663.2,36501.4,88498.2,350676.2,29396.8,514735.8
1917-11-18,0,3,4,27,0,34,9663.2,36501.4,88498.2,350676.2,29396.8,514735.8
1917-11-25,0,1,4,22,3,30,9663.2,36501.4,88498.2,350676.2,29396.8,514735.8
1917-12-02,1,2,6,24,2,35,9663.2,36501.4,88498.2,350676.2,29396.8,514735.8
1917-12-09,0,2,3,32,2,39,9663.2,36501.4,88498.2,350676.2,29396.8,514735.8
1917-12-16,1,2,4,23,3,33,9663.2,36501.4,88498.2,350676.2,29396.8,514735.8
1917-12-23,0,0,3,28,2,33,9663.2,36501.4,88498.2,350676.2,29396.8,514735.8
1917-12-30,0,7,6,37,5,55,10014.4,36559.8,89006.4,360096.4,30316.6,525993.6
1918-01-06,1,1,10,67,0,79,10014.4,36559.8,89006.4,360096.4,30316.6,525993.6
1918-01-13,0,1,6,51,3,61,10014.4,36559.8,89006.4,360096.4,30316.6,525993.6
1918-01-20,1,1,6,61,4,73,10014.4,36559.8,89006.4,360096.4,30316.6,525993.6
1918-01-27,0,2,3,56,2,63,10014.4,36559.8,89006.4,360096.4,30316.6,525993.6
1918-02-03,0,6,7,76,6,95,10014.4,36559.8,89006.4,360096.4,30316.6,525993.6
1918-02-10,0,1,14,52,2,69,10014.4,36559.8,89006.4,360096.4,30316.6,525993.6
1918-02-17,0,6,13,48,4,71,10014.4,36559.8,89006.4,360096.4,30316.6,525993.6
1918-02-24,0,4,16,35,3,58,10014.4,36559.8,89006.4,360096.4,30316.6,525993.6
1918-03-03,1,4,5,50,2,62,10014.4,36559.8,89006.4,360096.4,30316.6,525993.6
1918-03-10,0,7,7,48,1,63,10014.4,36559.8,89006.4,360096.4,30316.6,525993.6
1918-03-17,0,1,5,40,3,49,10014.4,36559.8,89006.4,360096.4,30316.6,525993.6
1918-03-24,1,3,5,29,3,41,10014.4,36559.8,89006.4,360096.4,30316.6,525993.6
1918-03-31,0,0,5,39,3,47,10014.4,36559.8,89006.4,360096.4,30316.6,525993.6
1918-04-07,1,6,9,30,2,48,10014.4,36559.8,89006.4,360096.4,30316.6,525993.6
1918-04-14,1,4,5,33,4,47,10014.4,36559.8,89006.4,360096.4,30316.6,525993.6
1918-04-21,0,2,5,18,1,26,10014.4,36559.8,89006.4,360096.4,30316.6,525993.6
1918-04-28,0,2,1,22,1,26,10014.4,36559.8,89006.4,360096.4,30316.6,525993.6
1918-05-05,1,1,2,11,1,16,10014.4,36559.8,89006.4,360096.4,30316.6,525993.6
1918-05-12,0,3,3,16,0,22,10014.4,36559.8,89006.4,360096.4,30316.6,525993.6
1918-05-19,0,2,2,10,3,17,10014.4,36559.8,89006.4,360096.4,30316.6,525993.6
1918-05-26,0,0,2,8,0,10,10014.4,36559.8,89006.4,360096.4,30316.6,525993.6
1918-06-02,0,0,3,13,1,17,10014.4,36559.8,89006.4,360096.4,30316.6,525993.6
1918-06-09,0,0,2,11,0,13,10014.4,36559.8,89006.4,360096.4,30316.6,525993.6
1918-06-16,0,2,1,12,0,15,10014.4,36559.8,89006.4,360096.4,30316.6,525993.6
1918-06-23,0,3,0,11,0,14,10014.4,36559.8,89006.4,360096.4,30316.6,525993.6
1918-06-30,0,5,5,56,2,68,10014.4,36559.8,89006.4,360096.4,30316.6,525993.6
1918-07-07,5,23,67,740,11,846,10014.4,36559.8,89006.4,360096.4,30316.6,525993.6
1918-07-14,3,103,284,3451,27,3868,10014.4,36559.8,89006.4,360096.4,30316.6,525993.6
1918-07-21,10,137,595,7733,39,8514,10014.4,36559.8,89006.4,360096.4,30316.6,525993.6
1918-07-28,26,251,680,5153,31,6141,10014.4,36559.8,89006.4,360096.4,30316.6,525993.6
1918-08-04,6,117,437,2378,23,2961,10014.4,36559.8,89006.4,360096.4,30316.6,525993.6
1918-08-11,8,67,259,1145,12,1491,10014.4,36559.8,89006.4,360096.4,30316.6,525993.6
1918-08-18,1,43,199,612,8,863,10014.4,36559.8,89006.4,360096.4,30316.6,525993.6
1918-08-25,2,17,77,295,4,395,10014.4,36559.8,89006.4,360096.4,30316.6,525993.6
1918-09-01,1,14,45,148,5,213,10014.4,36559.8,89006.4,360096.4,30316.6,525993.6
1918-09-08,0,17,93,163,0,273,10014.4,36559.8,89006.4,360096.4,30316.6,525993.6
1918-09-15,5,55,209,339,10,618,10014.4,36559.8,89006.4,360096.4,30316.6,525993.6
1918-09-22,3,62,321,501,6,893,10014.4,36559.8,89006.4,360096.4,30316.6,525993.6
1918-09-29,7,154,1020,980,10,2171,10014.4,36559.8,89006.4,360096.4,30316.6,525993.6
1918-10-06,44,628,3601,3273,18,7564,10014.4,36559.8,89006.4,360096.4,30316.6,525993.6
1918-10-13,84,1031,4828,7789,54,13786,10014.4,36559.8,89006.4,360096.4,30316.6,525993.6
1918-10-20,92,1049,3376,9625,43,14185,10014.4,36559.8,89006.4,360096.4,30316.6,525993.6
1918-10-27,68,703,1784,6811,46,9412,10014.4,36559.8,89006.4,360096.4,30316.6,525993.6
1918-11-03,52,375,934,4263,48,5672,10014.4,36559.8,89006.4,360096.4,30316.6,525993.6
1918-11-10,19,209,494,2181,21,2924,10014.4,36559.8,89006.4,360096.4,30316.6,525993.6
1918-11-17,13,115,335,1450,19,1932,10014.4,36559.8,89006.4,360096.4,30316.6,525993.6
1918-11-24,10,101,333,1403,8,1855,10014.4,36559.8,89006.4,360096.4,30316.6,525993.6
1918-12-01,22,153,618,1942,11,2746,10014.4,36559.8,89006.4,360096.4,30316.6,525993.6
1918-12-08,28,209,710,1787,17,2751,10014.4,36559.8,89006.4,360096.4,30316.6,525993.6
1918-12-15,17,202,720,1483,20,2442,10014.4,36559.8,89006.4,360096.4,30316.6,525993.6
1918-12-22,18,203,541,1551,17,2330,10014.4,36559.8,89006.4,360096.4,30316.6,525993.6
1918-12-29,19,257,781,2591,36,3684,10014.4,36559.8,89006.4,360096.4,30316.6,525993.6
1919-01-05,41,313,936,2675,21,3986,10014.4,36559.8,89006.4,360096.4,30316.6,525993.6
1919-01-12,18,181,628,2070,19,2916,10014.4,36559.8,89006.4,360096.4,30316.6,525993.6
1919-01-19,16,153,452,1327,13,1961,10014.4,36559.8,89006.4,360096.4,30316.6,525993.6
1919-01-26,7,133,339,1106,10,1595,10014.4,36559.8,89006.4,360096.4,30316.6,525993.6
1919-02-02,12,117,316,931,21,1397,10365.6,36618.2,89514.6,369516.6,31236.4,537251.4
1919-02-09,23,171,371,1346,11,1922,10365.6,36618.2,89514.6,369516.6,31236.4,537251.4
1919-02-16,22,215,447,1735,27,2446,10365.6,36618.2,89514.6,369516.6,31236.4,537251.4
1919-02-23,25,213,493,1656,31,2418,10365.6,36618.2,89514.6,369516.6,31236.4,537251.4
1919-03-02,18,159,334,1459,16,1986,10365.6,36618.2,89514.6,369516.6,31236.4,537251.4
1919-03-09,20,143,377,1323,16,1879,10365.6,36618.2,89514.6,369516.6,31236.4,537251.4
1919-03-16,10,96,196,955,6,1263,10365.6,36618.2,89514.6,369516.6,31236.4,537251.4
1919-03-23,12,103,203,912,16,1246,10365.6,36618.2,89514.6,369516.6,31236.4,537251.4
1919-03-30,10,85,203,927,14,1239,10365.6,36618.2,89514.6,369516.6,31236.4,537251.4
1919-04-06,7,96,175,844,17,1139,10365.6,36618.2,89514.6,369516.6,31236.4,537251.4
1919-04-13,9,57,92,473,19,650,10365.6,36618.2,89514.6,369516.6,31236.4,537251.4
1919-04-20,8,52,99,500,15,674,10365.6,36618.2,89514.6,369516.6,31236.4,537251.4
1919-04-27,9,42,89,393,8,541,10365.6,36618.2,89514.6,369516.6,31236.4,537251.4
1919-05-04,3,30,60,216,3,312,10365.6,36618.2,89514.6,369516.6,31236.4,537251.4
1919-05-11,4,14,30,295,5,348,10365.6,36618.2,89514.6,369516.6,31236.4,537251.4
1919-05-18,1,10,22,165,3,201,10365.6,36618.2,89514.6,369516.6,31236.4,537251.4
1919-05-25,0,5,16,111,4,136,10365.6,36618.2,89514.6,369516.6,31236.4,537251.4
1919-06-01,0,4,13,53,1,71,10365.6,36618.2,89514.6,369516.6,31236.4,537251.4
1919-06-08,1,7,14,55,1,78,10365.6,36618.2,89514.6,369516.6,31236.4,537251.4
1919-06-15,1,3,10,37,1,52,10365.6,36618.2,89514.6,369516.6,31236.4,537251.4
1919-06-22,1,2,6,37,1,47,10365.6,36618.2,89514.6,369516.6,31236.4,537251.4
1919-06-29,0,4,2,29,0,35,10365.6,36618.2,89514.6,369516.6,31236.4,537251.4
1919-07-06,1,2,3,22,0,28,10365.6,36618.2,89514.6,369516.6,31236.4,537251.4
1919-07-13,1,8,5,39,1,54,10365.6,36618.2,89514.6,369516.6,31236.4,537251.4
1919-07-20,0,0,3,27,2,32,10365.6,36618.2,89514.6,369516.6,31236.4,537251.4
1919-07-27,0,0,2,34,0,36,10365.6,36618.2,89514.6,369516.6,31236.4,537251.4
1919-08-03,0,1,6,57,3,67,10365.6,36618.2,89514.6,369516.6,31236.4,537251.4
1919-08-10,0,6,7,42,2,57,10365.6,36618.2,89514.6,369516.6,31236.4,537251.4
1919-08-17,0,5,14,42,0,61,10365.6,36618.2,89514.6,369516.6,31236.4,537251.4
1919-08-24,0,4,22,40,0,66,10365.6,36618.2,89514.6,369516.6,31236.4,537251.4
1919-08-31,0,4,9,48,0,61,10365.6,36618.2,89514.6,369516.6,31236.4,537251.4
1919-09-07,0,3,13,38,6,60,10365.6,36618.2,89514.6,369516.6,31236.4,537251.4
1919-09-14,0,1,8,60,0,69,10365.6,36618.2,89514.6,369516.6,31236.4,537251.4
1919-09-21,0,1,16,52,1,70,10365.6,36618.2,89514.6,369516.6,31236.4,537251.4
1919-09-28,0,3,15,54,0,72,10365.6,36618.2,89514.6,369516.6,31236.4,537251.4
1919-10-05,0,6,19,52,2,79,10365.6,36618.2,89514.6,369516.6,31236.4,537251.4
1919-10-12,0,5,10,70,0,85,10365.6,36618.2,89514.6,369516.6,31236.4,537251.4
1919-10-19,0,7,17,78,1,103,10365.6,36618.2,89514.6,369516.6,31236.4,537251.4
1919-10-26,0,6,33,68,1,108,10365.6,36618.2,89514.6,369516.6,31236.4,537251.4
1919-11-02,0,3,10,62,2,77,10365.6,36618.2,89514.6,369516.6,31236.4,537251.4
1919-11-09,1,6,8,42,2,59,10365.6,36618.2,89514.6,369516.6,31236.4,537251.4
1919-11-16,1,2,12,68,4,87,10365.6,36618.2,89514.6,369516.6,31236.4,537251.4
1919-11-23,0,4,10,74,1,89,10365.6,36618.2,89514.6,369516.6,31236.4,537251.4
1919-11-30,0,1,7,63,0,71,10365.6,36618.2,89514.6,369516.6,31236.4,537251.4
1919-12-07,0,5,7,59,3,74,10365.6,36618.2,89514.6,369516.6,31236.4,537251.4
1919-12-14,0,4,10,52,1,67,10365.6,36618.2,89514.6,369516.6,31236.4,537251.4
1919-12-21,0,0,7,38,1,46,10365.6,36618.2,89514.6,369516.6,31236.4,537251.4
1919-12-28,0,5,8,40,3,56,10365.6,36618.2,89514.6,369516.6,31236.4,537251.4
1920-01-04,0,4,13,71,3,91,10716.8,36676.6,90022.8,378936.8,32156.2,548509.2
1920-01-11,0,6,9,147,5,167,10716.8,36676.6,90022.8,378936.8,32156.2,548509.2
1920-01-18,4,42,102,1044,16,1208,10716.8,36676.6,90022.8,378936.8,32156.2,548509.2
1920-01-25,38,334,958,6065,50,7445,10716.8,36676.6,90022.8,378936.8,32156.2,548509.2
1920-02-01,121,684,1598,8477,158,11038,10716.8,36676.6,90022.8,378936.8,32156.2,548509.2
1920-02-08,81,526,1303,6275,183,8368,10716.8,36676.6,90022.8,378936.8,32156.2,548509.2
1920-02-15,31,266,757,3231,103,4388,10716.8,36676.6,90022.8,378936.8,32156.2,548509.2
1920-02-22,22,138,356,1645,50,2211,10716.8,36676.6,90022.8,378936.8,32156.2,548509.2
1920-02-29,14,98,241,1001,32,1386,10716.8,36676.6,90022.8,378936.8,32156.2,548509.2
1920-03-07,6,57,172,660,17,912,10716.8,36676.6,90022.8,378936.8,32156.2,548509.2
1920-03-14,7,51,116,462,10,646,10716.8,36676.6,90022.8,378936.8,32156.2,548509.2
1920-03-21,5,46,63,350,9,473,10716.8,36676.6,90022.8,378936.8,32156.2,548509.2
1920-03-28,4,44,50,161,23,282,10716.8,36676.6,90022.8,378936.8,32156.2,548509.2
1920-04-04,9,20,26,145,3,203,10716.8,36676.6,90022.8,378936.8,32156.2,548509.2
1920-04-11,6,19,28,148,8,209,10716.8,36676.6,90022.8,378936.8,32156.2,548509.2
1920-04-18,5,10,34,93,4,146,10716.8,36676.6,90022.8,378936.8,32156.2,548509.2
1920-04-25,4,10,9,105,6,134,10716.8,36676.6,90022.8,378936.8,32156.2,548509.2
1920-05-02,3,16,16,73,3,111,10716.8,36676.6,90022.8,378936.8,32156.2,548509.2
1920-05-09,5,5,12,45,2,69,10716.8,36676.6,90022.8,378936.8,32156.2,548509.2
1920-05-16,0,2,6,50,1,59,10716.8,36676.6,90022.8,378936.8,32156.2,548509.2
1920-05-23,0,8,9,39,2,58,10716.8,36676.6,90022.8,378936.8,32156.2,548509.2
1920-05-30,0,2,5,31,1,39,10716.8,36676.6,90022.8,378936.8,32156.2,548509.2
1920-06-06,0,0,2,26,0,28,10716.8,36676.6,90022.8,378936.8,32156.2,548509.2
1920-06-13,0,1,1,28,0,30,10716.8,36676.6,90022.8,378936.8,32156.2,548509.2
1920-06-20,2,3,11,24,0,40,10716.8,36676.6,90022.8,378936.8,32156.2,548509.2
1920-06-27,1,6,2,20,1,30,10716.8,36676.6,90022.8,378936.8,32156.2,548509.2
1920-07-04,0,0,1,17,0,18,10716.8,36676.6,90022.8,378936.8,32156.2,548509.2
1920-07-11,0,0,2,25,0,27,10716.8,36676.6,90022.8,378936.8,32156.2,548509.2
1920-07-18,0,0,2,11,1,14,10716.8,36676.6,90022.8,378936.8,32156.2,548509.2
1920-07-25,0,1,4,22,1,28,10716.8,36676.6,90022.8,378936.8,32156.2,548509.2
1920-08-01,0,0,0,24,1,25,10716.8,36676.6,90022.8,378936.8,32156.2,548509.2
1920-08-08,0,1,2,22,0,25,10716.8,36676.6,90022.8,378936.8,32156.2,548509.2
1920-08-15,1,4,3,36,0,44,10716.8,36676.6,90022.8,378936.8,32156.2,548509.2
1920-08-22,0,4,7,40,1,52,10716.8,36676.6,90022.8,378936.8,32156.2,548509.2
1920-08-29,0,1,18,31,2,52,10716.8,36676.6,90022.8,378936.8,32156.2,548509.2
1920-09-05,0,2,5,39,0,46,10716.8,36676.6,90022.8,378936.8,32156.2,548509.2
1920-09-12,0,2,8,46,1,57,10716.8,36676.6,90022.8,378936.8,32156.2,548509.2
1920-09-19,1,5,6,36,1,49,10716.8,36676.6,90022.8,378936.8,32156.2,548509.2
1920-09-26,0,3,10,43,1,57,10716.8,36676.6,90022.8,378936.8,32156.2,548509.2
1920-10-03,0,1,7,49,2,59,10716.8,36676.6,90022.8,378936.8,32156.2,548509.2
1920-10-10,0,3,7,44,0,54,10716.8,36676.6,90022.8,378936.8,32156.2,548509.2
1920-10-17,0,0,10,42,2,54,10716.8,36676.6,90022.8,378936.8,32156.2,548509.2
1920-10-24,0,2,2,40,0,44,10716.8,36676.6,90022.8,378936.8,32156.2,548509.2
1920-10-31,0,7,7,60,0,74,10716.8,36676.6,90022.8,378936.8,32156.2,548509.2
1920-11-07,0,5,8,64,4,81,10716.8,36676.6,90022.8,378936.8,32156.2,548509.2
1920-11-14,1,5,33,89,2,130,10716.8,36676.6,90022.8,378936.8,32156.2,548509.2
1920-11-21,1,5,12,89,2,109,10716.8,36676.6,90022.8,378936.8,32156.2,548509.2
1920-11-28,1,4,19,102,1,127,10716.8,36676.6,90022.8,378936.8,32156.2,548509.2
1920-12-05,0,10,21,88,1,120,10716.8,36676.6,90022.8,378936.8,32156.2,548509.2
1920-12-12,1,12,22,107,3,145,10716.8,36676.6,90022.8,378936.8,32156.2,548509.2
1920-12-19,2,9,26,82,3,122,10716.8,36676.6,90022.8,378936.8,32156.2,548509.2
1920-12-26,0,5,8,71,2,86,10716.8,36676.6,90022.8,378936.8,32156.2,548509.2
1921-01-02,0,6,15,66,2,89,11068.0,36735.0,90531.0,388357.0,33076.0,559767.0
1921-01-09,0,6,13,80,1,100,11068.0,36735.0,90531.0,388357.0,33076.0,559767.0
1921-01-16,2,4,8,81,2,97,11068.0,36735.0,90531.0,388357.0,33076.0,559767.0
1921-01-23,1,4,9,62,2,78,11068.0,36735.0,90531.0,388357.0,33076.0,559767.0
1921-01-30,0,5,16,65,1,87,11068.0,36735.0,90531.0,388357.0,33076.0,559767.0
1921-02-06,1,7,11,71,2,92,11068.0,36735.0,90531.0,388357.0,33076.0,559767.0
1921-02-13,1,8,19,78,2,108,11068.0,36735.0,90531.0,388357.0,33076.0,559767.0
1921-02-20,0,8,13,55,0,76,11068.0,36735.0,90531.0,388357.0,33076.0,559767.0
1921-02-27,0,1,15,53,2,71,11068.0,36735.0,90531.0,388357.0,33076.0,559767.0
1921-03-06,0,3,16,43,1,63,11068.0,36735.0,90531.0,388357.0,33076.0,559767.0
1921-03-13,1,3,7,48,1,60,11068.0,36735.0,90531.0,388357.0,33076.0,559767.0
1921-03-20,0,5,4,35,2,46,11068.0,36735.0,90531.0,388357.0,33076.0,559767.0
1921-03-27,2,1,2,33,0,38,11068.0,36735.0,90531.0,388357.0,33076.0,559767.0
1921-04-03,0,3,5,37,0,45,11068.0,36735.0,90531.0,388357.0,33076.0,559767.0
1921-04-10,0,4,4,36,0,44,11068.0,36735.0,90531.0,388357.0,33076.0,559767.0
1921-04-17,0,2,9,27,1,39,11068.0,36735.0,90531.0,388357.0,33076.0,559767.0
1921-04-24,1,5,12,30,2,50,11068.0,36735.0,90531.0,388357.0,33076.0,559767.0
1921-05-01,0,3,9,25,1,38,11068.0,36735.0,90531.0,388357.0,33076.0,559767.0
1921-05-08,0,4,7,30,2,43,11068.0,36735.0,90531.0,388357.0,33076.0,559767.0
1921-05-15,0,4,7,23,0,34,11068.0,36735.0,90531.0,388357.0,33076.0,559767.0
1921-05-22,0,1,8,26,0,35,11068.0,36735.0,90531.0,388357.0,33076.0,559767.0
1921-05-29,0,2,6,13,2,23,11068.0,36735.0,90531.0,388357.0,33076.0,559767.0
1921-06-05,0,3,4,22,0,29,11068.0,36735.0,90531.0,388357.0,33076.0,559767.0
1921-06-12,0,1,4,17,0,22,11068.0,36735.0,90531.0,388357.0,33076.0,559767.0
1921-06-19,0,1,1,14,0,16,11068.0,36735.0,90531.0,388357.0,33076.0,559767.0
1921-06-26,0,1,0,5,1,7,11068.0,36735.0,90531.0,388357.0,33076.0,559767.0
1921-07-03,0,0,1,23,0,24,11068.0,36735.0,90531.0,388357.0,33076.0,559767.0
1921-07-10,0,1,0,9,0,10,11068.0,36735.0,90531.0,388357.0,33076.0,559767.0
1921-07-17,0,1,1,21,0,23,11068.0,36735.0,90531.0,388357.0,33076.0,559767.0
1921-07-24,0,0,1,17,0,18,11068.0,36735.0,90531.0,388357.0,33076.0,559767.0
1921-07-31,0,0,1,20,1,22,11068.0,36735.0,90531.0,388357.0,33076.0,559767.0
1921-08-07,0,0,2,15,0,17,11068.0,36735.0,90531.0,388357.0,33076.0,559767.0
1921-08-14,0,0,4,16,0,20,11068.0,36735.0,90531.0,388357.0,33076.0,559767.0
1921-08-21,0,3,4,18,0,25,11068.0,36735.0,90531.0,388357.0,33076.0,559767.0
1921-08-28,1,1,5,27,0,34,11068.0,36735.0,90531.0,388357.0,33076.0,559767.0
1921-09-04,0,4,7,35,0,46,11068.0,36735.0,90531.0,388357.0,33076.0,559767.0
1921-09-11,0,0,4,25,1,30,11068.0,36735.0,90531.0,388357.0,33076.0,559767.0
1921-09-18,0,2,1,25,1,29,11068.0,36735.0,90531.0,388357.0,33076.0,559767.0
1921-09-25,0,5,6,31,1,43,11068.0,36735.0,90531.0,388357.0,33076.0,559767.0
1921-10-02,0,3,13,21,0,37,11068.0,36735.0,90531.0,388357.0,33076.0,559767.0
1921-10-09,1,5,11,33,0,50,11068.0,36735.0,90531.0,388357.0,33076.0,559767.0
1921-10-16,0,4,6,36,0,46,11068.0,36735.0,90531.0,388357.0,33076.0,559767.0
1921-10-23,0,1,7,34,2,44,11068.0,36735.0,90531.0,388357.0,33076.0,559767.0
1921-10-30,0,1,12,28,1,42,11068.0,36735.0,90531.0,388357.0,33076.0,559767.0
1921-11-06,0,1,6,38,1,46,11068.0,36735.0,90531.0,388357.0,33076.0,559767.0
1921-11-13,1,3,11,43,1,59,11068.0,36735.0,90531.0,388357.0,33076.0,559767.0
1921-11-20,0,10,17,45,1,73,11068.0,36735.0,90531.0,388357.0,33076.0,559767.0
1921-11-27,0,4,9,51,0,64,11068.0,36735.0,90531.0,388357.0,33076.0,559767.0
1921-12-04,0,4,9,56,3,72,11068.0,36735.0,90531.0,388357.0,33076.0,559767.0
1921-12-11,1,4,10,46,1,62,11068.0,36735.0,90531.0,388357.0,33076.0,559767.0
1921-12-18,0,3,12,48,0,63,11068.0,36735.0,90531.0,388357.0,33076.0,559767.0
1921-12-25,0,11,12,103,3,129,11068.0,36735.0,90531.0,388357.0,33076.0,559767.0
